event_date,campaign_id,impressions,clicks,conversions,spend_pence,loaded_at
2026-02-01,1001,31058,1403,62,137626,2026-02-02 04:15:00
2026-02-01,1003,37200,1224,55,140463,2026-02-03 04:15:00
2026-02-01,1005,78526,542,23,107881,2026-02-02 04:15:00
2026-02-01,1006,22336,355,4,65408,2026-02-02 04:15:00
2026-02-01,1007,24065,1231,46,107680,2026-02-02 04:15:00
2026-02-01,1008,167651,251,13,39739,2026-02-02 04:15:00
2026-02-01,1010,21930,426,19,66523,2026-02-04 04:15:00
2026-02-01,1013,140552,187,10,33828,2026-02-02 04:15:00
2026-02-01,1014,117259,510,9,185411,2026-02-04 04:15:00
2026-02-01,1015,13000,229,13,40651,2026-02-04 04:15:00
2026-02-02,1001,60122,1742,78,266277,2026-02-05 04:15:00
2026-02-02,1003,56429,2686,74,222319,2026-02-03 04:15:00
2026-02-02,1005,125788,880,46,175288,2026-02-05 04:15:00
2026-02-02,1006,26139,379,15,89336,2026-02-05 04:15:00
2026-02-02,1007,51661,1676,78,219539,2026-02-05 04:15:00
2026-02-02,1008,271518,460,15,57576,2026-02-03 04:15:00
2026-02-02,1009,160181,779,11,267518,2026-02-03 04:15:00
2026-02-02,1010,18458,347,5,61693,2026-02-03 04:15:00
2026-02-02,1013,155373,244,9,34661,2026-02-05 04:15:00
2026-02-02,1014,103773,584,26,141703,2026-02-03 04:15:00
2026-02-02,1015,24161,506,14,83878,2026-02-04 04:15:00
2026-02-03,1001,35265,1207,33,152036,2026-02-04 04:15:00
2026-02-03,1003,50971,1471,65,185747,2026-02-04 04:15:00
2026-02-03,1005,166893,1115,17,230663,2026-02-05 04:15:00
2026-02-03,1007,35645,1843,70,148481,2026-02-05 04:15:00
2026-02-03,1008,255202,332,5,59981,2026-02-05 04:15:00
2026-02-03,1009,163109,657,27,255392,2026-02-04 04:15:00
2026-02-03,1010,24227,415,21,69440,2026-02-04 04:15:00
2026-02-03,1013,215334,270,5,51100,2026-02-04 04:15:00
2026-02-03,1014,162882,922,13,280918,2026-02-04 04:15:00
2026-02-03,1015,34535,824,42,96341,2026-02-05 04:15:00
2026-02-04,1001,47373,2367,126,178948,2026-02-05 04:15:00
2026-02-04,1002,34832,568,27,106521,2026-02-06 04:15:00
2026-02-04,1003,54605,2548,122,240478,2026-02-06 04:15:00
2026-02-04,1005,98586,476,26,151391,2026-02-07 04:15:00
2026-02-04,1007,41737,1249,42,197350,2026-02-07 04:15:00
2026-02-04,1008,159642,326,5,34702,2026-02-07 04:15:00
2026-02-04,1010,32585,583,32,103124,2026-02-07 04:15:00
2026-02-04,1013,223894,383,11,55083,2026-02-07 04:15:00
2026-02-04,1015,21645,453,11,62381,2026-02-05 04:15:00
2026-02-05,1001,53768,1939,51,242888,2026-02-06 04:15:00
2026-02-05,1002,17069,347,13,46563,2026-02-08 04:15:00
2026-02-05,1003,38361,1351,74,179525,2026-02-06 04:15:00
2026-02-05,1004,190820,242,12,48593,2026-02-08 04:15:00
2026-02-05,1005,174030,1133,41,274190,2026-02-08 04:15:00
2026-02-05,1007,53489,2770,50,198735,2026-02-06 04:15:00
2026-02-05,1008,245635,311,7,53834,2026-02-06 04:15:00
2026-02-05,1010,28443,463,15,98895,2026-02-06 04:15:00
2026-02-05,1013,150067,229,5,30651,2026-02-06 04:15:00
2026-02-05,1014,108337,682,25,158980,2026-02-06 04:15:00
2026-02-05,1015,18936,455,19,52521,2026-02-06 04:15:00
2026-02-06,1001,59242,2549,47,221007,2026-02-07 04:15:00
2026-02-06,1002,23536,563,31,62890,2026-02-07 04:15:00
2026-02-06,1003,38258,1332,22,174186,2026-02-08 04:15:00
2026-02-06,1004,279654,514,28,61816,2026-02-07 04:15:00
2026-02-06,1005,173334,1131,59,222934,2026-02-07 04:15:00
2026-02-06,1006,24393,510,23,69905,2026-02-07 04:15:00
2026-02-06,1007,57655,1808,94,268201,2026-02-07 04:15:00
2026-02-06,1008,165837,331,9,43628,2026-02-07 04:15:00
2026-02-06,1010,28912,515,12,78049,2026-02-07 04:15:00
2026-02-06,1013,188118,302,13,49803,2026-02-07 04:15:00
2026-02-06,1014,94996,669,13,162266,2026-02-07 04:15:00
2026-02-06,1015,17596,353,9,59234,2026-02-08 04:15:00
2026-02-07,1001,37129,1532,45,159524,2026-02-08 04:15:00
2026-02-07,1002,12749,232,8,43156,2026-02-08 04:15:00
2026-02-07,1003,31275,951,40,124663,2026-02-08 04:15:00
2026-02-07,1004,168492,208,11,40524,2026-02-09 04:15:00
2026-02-07,1005,82211,505,18,111916,2026-02-09 04:15:00
2026-02-07,1006,23998,487,12,75463,2026-02-08 04:15:00
2026-02-07,1007,29815,1009,48,129229,2026-02-08 04:15:00
2026-02-07,1008,147494,227,4,35113,2026-02-08 04:15:00
2026-02-07,1009,79433,479,19,104615,2026-02-08 04:15:00
2026-02-07,1010,20984,332,7,55769,2026-02-08 04:15:00
2026-02-07,1013,202419,345,16,47930,2026-02-10 04:15:00
2026-02-07,1015,21293,403,9,69098,2026-02-08 04:15:00
2026-02-08,1001,44059,2197,115,200504,2026-02-09 04:15:00
2026-02-08,1002,14472,350,12,38809,2026-02-09 04:15:00
2026-02-08,1003,44659,1415,25,185578,2026-02-11 04:15:00
2026-02-08,1004,202838,343,19,54397,2026-02-11 04:15:00
2026-02-08,1005,114239,776,24,192273,2026-02-10 04:15:00
2026-02-08,1006,21912,410,9,62776,2026-02-09 04:15:00
2026-02-08,1007,40990,1702,69,160516,2026-02-09 04:15:00
2026-02-08,1008,173801,233,6,46630,2026-02-09 04:15:00
2026-02-08,1010,15198,322,14,40954,2026-02-10 04:15:00
2026-02-08,1013,133300,208,3,35186,2026-02-10 04:15:00
2026-02-08,1014,99108,609,31,160507,2026-02-10 04:15:00
2026-02-08,1015,18418,442,11,55211,2026-02-10 04:15:00
2026-02-09,1001,49284,2305,112,231696,2026-02-11 04:15:00
2026-02-09,1002,20893,381,5,61584,2026-02-11 04:15:00
2026-02-09,1003,55532,2741,148,266870,2026-02-12 04:15:00
2026-02-09,1004,140464,210,7,28928,2026-02-11 04:15:00
2026-02-09,1005,96848,520,7,140003,2026-02-10 04:15:00
2026-02-09,1006,23042,537,13,81099,2026-02-11 04:15:00
2026-02-09,1007,39676,1218,15,168609,2026-02-10 04:15:00
2026-02-09,1008,169460,200,11,35061,2026-02-10 04:15:00
2026-02-09,1009,102641,402,7,136697,2026-02-10 04:15:00
2026-02-09,1010,27164,428,18,90950,2026-02-10 04:15:00
2026-02-09,1013,225566,461,20,58647,2026-02-10 04:15:00
2026-02-09,1014,94336,371,9,149032,2026-02-11 04:15:00
2026-02-09,1015,24119,517,8,79044,2026-02-10 04:15:00
2026-02-10,1001,34623,1651,84,149797,2026-02-11 04:15:00
2026-02-10,1002,31391,620,8,98268,2026-02-11 04:15:00
2026-02-10,1003,33516,1495,18,137391,2026-02-12 04:15:00
2026-02-10,1004,152014,310,12,40081,2026-02-11 04:15:00
2026-02-10,1005,124129,778,43,173350,2026-02-13 04:15:00
2026-02-10,1006,25360,576,22,74425,2026-02-11 04:15:00
2026-02-10,1007,59112,1822,95,229193,2026-02-12 04:15:00
2026-02-10,1008,220267,387,10,52773,2026-02-11 04:15:00
2026-02-10,1010,20760,464,12,71698,2026-02-11 04:15:00
2026-02-10,1011,49874,2065,42,193217,2026-02-12 04:15:00
2026-02-10,1013,208320,384,16,52185,2026-02-12 04:15:00
2026-02-10,1014,86069,414,12,119161,2026-02-13 04:15:00
2026-02-10,1015,23616,463,12,84117,2026-02-13 04:15:00
2026-02-11,1001,42314,1946,47,164464,2026-02-12 04:15:00
2026-02-11,1002,30027,507,23,105674,2026-02-12 04:15:00
2026-02-11,1003,37635,1763,43,162315,2026-02-14 04:15:00
2026-02-11,1004,224228,462,23,50525,2026-02-12 04:15:00
2026-02-11,1005,100829,392,14,141003,2026-02-12 04:15:00
2026-02-11,1006,29592,436,22,91484,2026-02-12 04:15:00
2026-02-11,1007,50488,2031,65,191970,2026-02-12 04:15:00
2026-02-11,1008,173614,338,5,36234,2026-02-13 04:15:00
2026-02-11,1010,28355,394,7,89557,2026-02-12 04:15:00
2026-02-11,1011,34062,1185,44,139462,2026-02-14 04:15:00
2026-02-11,1013,252738,337,12,59756,2026-02-13 04:15:00
2026-02-11,1015,27611,502,19,74301,2026-02-12 04:15:00
2026-02-12,1001,63039,2131,46,277506,2026-02-13 04:15:00
2026-02-12,1002,21265,416,7,64112,2026-02-15 04:15:00
2026-02-12,1003,46989,1386,35,184489,2026-02-14 04:15:00
2026-02-12,1004,146963,197,4,38352,2026-02-15 04:15:00
2026-02-12,1005,144667,1002,31,219901,2026-02-13 04:15:00
2026-02-12,1006,31944,450,8,93310,2026-02-15 04:15:00
2026-02-12,1007,62152,2455,82,245696,2026-02-14 04:15:00
2026-02-12,1008,275073,440,15,57708,2026-02-13 04:15:00
2026-02-12,1009,151342,884,11,208551,2026-02-15 04:15:00
2026-02-12,1010,27585,373,17,93759,2026-02-15 04:15:00
2026-02-12,1011,32551,1539,51,142928,2026-02-13 04:15:00
2026-02-12,1013,163178,274,11,39065,2026-02-13 04:15:00
2026-02-12,1014,121659,597,10,163919,2026-02-14 04:15:00
2026-02-12,1015,29524,489,27,100134,2026-02-15 04:15:00
2026-02-13,1001,32433,1001,23,120523,2026-02-15 04:15:00
2026-02-13,1002,32641,741,8,112399,2026-02-15 04:15:00
2026-02-13,1003,45085,1501,42,203924,2026-02-15 04:15:00
2026-02-13,1004,248218,326,12,67215,2026-02-15 04:15:00
2026-02-13,1005,164657,897,11,256619,2026-02-14 04:15:00
2026-02-13,1006,22555,303,9,64145,2026-02-14 04:15:00
2026-02-13,1007,46704,1475,74,196061,2026-02-14 04:15:00
2026-02-13,1008,211304,292,14,58019,2026-02-14 04:15:00
2026-02-13,1009,97662,437,17,157317,2026-02-14 04:15:00
2026-02-13,1010,32625,536,25,98556,2026-02-16 04:15:00
2026-02-13,1011,40177,1155,52,185827,2026-02-16 04:15:00
2026-02-13,1013,283338,450,8,68788,2026-02-14 04:15:00
2026-02-13,1015,30784,541,29,106011,2026-02-14 04:15:00
2026-02-14,1001,36296,1250,59,131572,2026-02-16 04:15:00
2026-02-14,1002,21409,482,14,69627,2026-02-15 04:15:00
2026-02-14,1003,34446,1019,35,148587,2026-02-15 04:15:00
2026-02-14,1004,190804,294,10,45201,2026-02-15 04:15:00
2026-02-14,1005,87701,527,10,130347,2026-02-15 04:15:00
2026-02-14,1007,39221,1752,89,182140,2026-02-17 04:15:00
2026-02-14,1008,138500,197,8,35826,2026-02-17 04:15:00
2026-02-14,1010,13064,267,14,46541,2026-02-15 04:15:00
2026-02-14,1011,32962,1025,42,153914,2026-02-16 04:15:00
2026-02-14,1013,115888,163,2,26347,2026-02-15 04:15:00
2026-02-14,1015,17079,255,9,53992,2026-02-15 04:15:00
2026-02-15,1001,26576,814,42,115627,2026-02-16 04:15:00
2026-02-15,1002,18689,372,8,60332,2026-02-17 04:15:00
2026-02-15,1003,28640,828,40,134766,2026-02-18 04:15:00
2026-02-15,1004,115000,177,4,28325,2026-02-17 04:15:00
2026-02-15,1005,106069,568,14,182939,2026-02-17 04:15:00
2026-02-15,1007,31689,1189,30,141050,2026-02-16 04:15:00
2026-02-15,1008,201785,353,8,49386,2026-02-16 04:15:00
2026-02-15,1009,109663,723,38,178101,2026-02-16 04:15:00
2026-02-15,1010,20122,348,14,64640,2026-02-16 04:15:00
2026-02-15,1011,37662,1917,79,149113,2026-02-17 04:15:00
2026-02-15,1012,43633,441,7,36746,2026-02-16 04:15:00
2026-02-15,1013,177393,228,4,43077,2026-02-16 04:15:00
2026-02-15,1014,120691,795,18,198670,2026-02-17 04:15:00
2026-02-15,1015,24844,414,21,84045,2026-02-17 04:15:00
2026-02-16,1001,63553,2044,115,295761,2026-02-18 04:15:00
2026-02-16,1002,34504,775,22,116290,2026-02-17 04:15:00
2026-02-16,1003,40085,1272,36,180933,2026-02-17 04:15:00
2026-02-16,1004,222430,424,23,47110,2026-02-17 04:15:00
2026-02-16,1005,127404,750,41,181245,2026-02-19 04:15:00
2026-02-16,1007,33324,1631,87,131655,2026-02-18 04:15:00
2026-02-16,1008,153651,178,2,42362,2026-02-17 04:15:00
2026-02-16,1010,33048,490,16,107688,2026-02-19 04:15:00
2026-02-16,1011,45282,2126,40,185328,2026-02-17 04:15:00
2026-02-16,1012,111022,1305,72,77764,2026-02-17 04:15:00
2026-02-16,1013,168438,260,5,38759,2026-02-17 04:15:00
2026-02-16,1014,173483,873,26,236008,2026-02-17 04:15:00
2026-02-16,1015,34171,775,12,96781,2026-02-19 04:15:00
2026-02-17,1001,63828,1911,52,307390,2026-02-20 04:15:00
2026-02-17,1002,20634,469,17,65623,2026-02-18 04:15:00
2026-02-17,1003,42239,1365,72,150944,2026-02-18 04:15:00
2026-02-17,1004,281666,461,22,59689,2026-02-18 04:15:00
2026-02-17,1005,96494,485,23,148599,2026-02-18 04:15:00
2026-02-17,1007,32960,1547,56,148634,2026-02-19 04:15:00
2026-02-17,1008,202396,297,11,47875,2026-02-18 04:15:00
2026-02-17,1009,88446,569,29,133522,2026-02-19 04:15:00
2026-02-17,1010,28608,390,22,97924,2026-02-19 04:15:00
2026-02-17,1011,54252,2211,119,198703,2026-02-18 04:15:00
2026-02-17,1012,78793,683,12,61298,2026-02-20 04:15:00
2026-02-17,1013,217108,310,17,52583,2026-02-19 04:15:00
2026-02-17,1014,123648,799,13,194080,2026-02-20 04:15:00
2026-02-17,1015,30019,472,15,85479,2026-02-18 04:15:00
2026-02-18,1001,59001,2272,103,233868,2026-02-19 04:15:00
2026-02-18,1002,29004,509,9,101321,2026-02-19 04:15:00
2026-02-18,1003,34265,1055,33,154472,2026-02-19 04:15:00
2026-02-18,1004,255830,423,16,62533,2026-02-19 04:15:00
2026-02-18,1005,145471,757,39,247083,2026-02-20 04:15:00
2026-02-18,1006,30023,730,28,88929,2026-02-21 04:15:00
2026-02-18,1007,48249,1568,53,223757,2026-02-19 04:15:00
2026-02-18,1008,260769,384,18,63975,2026-02-20 04:15:00
2026-02-18,1009,173183,1134,45,270895,2026-02-19 04:15:00
2026-02-18,1010,27983,582,25,74488,2026-02-19 04:15:00
2026-02-18,1011,54810,1989,54,196093,2026-02-19 04:15:00
2026-02-18,1012,94178,974,18,73455,2026-02-19 04:15:00
2026-02-18,1013,149988,244,7,35496,2026-02-19 04:15:00
2026-02-18,1015,30033,665,25,81509,2026-02-19 04:15:00
2026-02-19,1001,36427,1721,24,133788,2026-02-21 04:15:00
2026-02-19,1002,28947,545,17,83629,2026-02-22 04:15:00
2026-02-19,1003,35024,1375,34,154977,2026-02-21 04:15:00
2026-02-19,1004,213959,302,6,58813,2026-02-20 04:15:00
2026-02-19,1005,85199,412,8,113890,2026-02-20 04:15:00
2026-02-19,1007,35231,1442,45,131509,2026-02-22 04:15:00
2026-02-19,1008,239939,383,19,62875,2026-02-20 04:15:00
2026-02-19,1010,30405,555,18,82318,2026-02-20 04:15:00
2026-02-19,1011,50545,2163,96,207047,2026-02-20 04:15:00
2026-02-19,1012,84017,1182,23,71474,2026-02-21 04:15:00
2026-02-19,1013,258807,518,8,68532,2026-02-20 04:15:00
2026-02-19,1014,120940,497,25,194787,2026-02-20 04:15:00
2026-02-19,1015,22961,349,12,62937,2026-02-22 04:15:00
2026-02-20,1001,37715,1802,50,180178,2026-02-21 04:15:00
2026-02-20,1002,21200,317,6,67738,2026-02-21 04:15:00
2026-02-20,1003,37152,1772,61,167949,2026-02-23 04:15:00
2026-02-20,1004,202489,406,15,50569,2026-02-23 04:15:00
2026-02-20,1005,113911,803,21,167778,2026-02-22 04:15:00
2026-02-20,1006,22411,368,5,69627,2026-02-21 04:15:00
2026-02-20,1007,46714,1383,40,183666,2026-02-21 04:15:00
2026-02-20,1008,226906,364,12,55344,2026-02-21 04:15:00
2026-02-20,1009,158193,949,25,235554,2026-02-21 04:15:00
2026-02-20,1010,34330,632,31,117194,2026-02-21 04:15:00
2026-02-20,1011,48152,1586,37,198462,2026-02-22 04:15:00
2026-02-20,1012,91516,1072,30,77242,2026-02-22 04:15:00
2026-02-20,1013,196589,284,11,51275,2026-02-21 04:15:00
2026-02-20,1015,18620,391,9,61596,2026-02-23 04:15:00
2026-02-21,1001,43590,1608,62,163384,2026-02-22 04:15:00
2026-02-21,1002,16233,337,14,44720,2026-02-22 04:15:00
2026-02-21,1003,29953,1137,55,137622,2026-02-24 04:15:00
2026-02-21,1004,108171,190,6,22208,2026-02-22 04:15:00
2026-02-21,1005,72650,331,18,108526,2026-02-22 04:15:00
2026-02-21,1006,14198,236,11,44115,2026-02-24 04:15:00
2026-02-21,1007,42667,2152,29,170425,2026-02-24 04:15:00
2026-02-21,1008,112150,166,3,29591,2026-02-24 04:15:00
2026-02-21,1009,71686,379,11,113218,2026-02-22 04:15:00
2026-02-21,1010,24873,503,23,83671,2026-02-22 04:15:00
2026-02-21,1011,35382,1284,63,147223,2026-02-22 04:15:00
2026-02-21,1012,58805,820,46,43596,2026-02-22 04:15:00
2026-02-21,1013,180636,289,9,38957,2026-02-22 04:15:00
2026-02-21,1014,69907,326,13,116629,2026-02-24 04:15:00
2026-02-21,1015,24410,522,18,67150,2026-02-22 04:15:00
2026-02-22,1001,40925,1449,77,153700,2026-02-24 04:15:00
2026-02-22,1002,13369,316,15,46226,2026-02-23 04:15:00
2026-02-22,1003,32501,1249,36,131842,2026-02-23 04:15:00
2026-02-22,1004,137960,158,8,36479,2026-02-23 04:15:00
2026-02-22,1005,112691,485,12,185759,2026-02-23 04:15:00
2026-02-22,1006,18315,372,19,48583,2026-02-23 04:15:00
2026-02-22,1007,42663,1800,81,180677,2026-02-23 04:15:00
2026-02-22,1008,180430,243,4,39905,2026-02-25 04:15:00
2026-02-22,1009,68103,465,18,87335,2026-02-25 04:15:00
2026-02-22,1010,19703,423,10,51946,2026-02-23 04:15:00
2026-02-22,1011,28283,1101,46,104021,2026-02-23 04:15:00
2026-02-22,1012,45189,504,17,38856,2026-02-25 04:15:00
2026-02-22,1013,100432,196,2,23285,2026-02-23 04:15:00
2026-02-22,1015,12380,275,7,41059,2026-02-23 04:15:00
2026-02-23,1001,57122,2672,72,207116,2026-02-26 04:15:00
2026-02-23,1002,23061,475,23,75449,2026-02-25 04:15:00
2026-02-23,1003,52426,2551,38,238433,2026-02-25 04:15:00
2026-02-23,1004,141936,186,9,38007,2026-02-24 04:15:00
2026-02-23,1005,169436,940,54,257434,2026-02-24 04:15:00
2026-02-23,1007,52935,1891,97,192166,2026-02-24 04:15:00
2026-02-23,1008,176662,333,10,41127,2026-02-25 04:15:00
2026-02-23,1009,119684,845,29,179392,2026-02-26 04:15:00
2026-02-23,1010,21754,309,9,66033,2026-02-24 04:15:00
2026-02-23,1011,49527,1812,28,218055,2026-02-24 04:15:00
2026-02-23,1012,86592,1076,21,63851,2026-02-25 04:15:00
2026-02-23,1013,142726,279,7,39373,2026-02-24 04:15:00
2026-02-23,1014,156524,632,27,228179,2026-02-26 04:15:00
2026-02-23,1015,31479,662,36,87127,2026-02-26 04:15:00
2026-02-24,1001,53983,2131,37,208771,2026-02-25 04:15:00
2026-02-24,1002,23491,566,7,65250,2026-02-26 04:15:00
2026-02-24,1003,63080,2387,112,270811,2026-02-27 04:15:00
2026-02-24,1004,190441,270,6,52020,2026-02-25 04:15:00
2026-02-24,1005,151446,832,24,231372,2026-02-25 04:15:00
2026-02-24,1006,29713,467,18,97470,2026-02-26 04:15:00
2026-02-24,1007,37925,1215,18,143642,2026-02-26 04:15:00
2026-02-24,1008,283097,537,30,77861,2026-02-25 04:15:00
2026-02-24,1009,134549,646,16,181086,2026-02-25 04:15:00
2026-02-24,1010,31345,598,10,88452,2026-02-25 04:15:00
2026-02-24,1011,39154,1599,45,168012,2026-02-26 04:15:00
2026-02-24,1012,109130,1237,49,71687,2026-02-25 04:15:00
2026-02-24,1013,195029,352,11,45554,2026-02-26 04:15:00
2026-02-24,1014,91211,643,26,134763,2026-02-27 04:15:00
2026-02-24,1015,23170,540,25,74839,2026-02-25 04:15:00
2026-02-25,1001,56997,1816,63,265830,2026-02-26 04:15:00
2026-02-25,1002,26329,441,8,92264,2026-02-26 04:15:00
2026-02-25,1003,42826,2220,118,198536,2026-02-26 04:15:00
2026-02-25,1004,165356,337,8,41173,2026-02-28 04:15:00
2026-02-25,1005,133046,732,14,226008,2026-02-26 04:15:00
2026-02-25,1007,52182,2655,73,247037,2026-02-26 04:15:00
2026-02-25,1008,257809,295,4,64499,2026-02-28 04:15:00
2026-02-25,1010,20736,411,16,55223,2026-02-28 04:15:00
2026-02-25,1011,40932,2138,73,187628,2026-02-27 04:15:00
2026-02-25,1012,77238,631,9,56878,2026-02-27 04:15:00
2026-02-25,1013,204772,296,5,54474,2026-02-26 04:15:00
2026-02-25,1014,162830,1151,20,234759,2026-02-28 04:15:00
2026-02-25,1015,18832,302,5,57496,2026-02-26 04:15:00
2026-02-26,1001,34452,1234,36,149706,2026-02-27 04:15:00
2026-02-26,1002,34420,811,40,120586,2026-02-27 04:15:00
2026-02-26,1003,37578,1225,70,156256,2026-02-27 04:15:00
2026-02-26,1004,209613,252,7,49661,2026-02-27 04:15:00
2026-02-26,1005,104078,521,7,155877,2026-02-28 04:15:00
2026-02-26,1007,31474,986,17,122850,2026-02-27 04:15:00
2026-02-26,1008,248786,366,11,60967,2026-02-27 04:15:00
2026-02-26,1010,22152,392,12,69698,2026-03-01 04:15:00
2026-02-26,1011,54061,1709,97,219829,2026-02-27 04:15:00
2026-02-26,1012,93643,947,17,72391,2026-02-28 04:15:00
2026-02-26,1013,210011,244,4,47878,2026-02-28 04:15:00
2026-02-26,1014,98053,666,12,166113,2026-02-27 04:15:00
2026-02-26,1015,19857,488,22,57849,2026-02-27 04:15:00
2026-02-27,1001,48245,1989,68,206454,2026-03-01 04:15:00
2026-02-27,1002,31746,555,23,112581,2026-03-02 04:15:00
2026-02-27,1003,41537,2110,109,181220,2026-03-02 04:15:00
2026-02-27,1004,206264,422,20,53604,2026-03-02 04:15:00
2026-02-27,1005,105206,422,14,158956,2026-03-02 04:15:00
2026-02-27,1006,23819,539,12,75446,2026-02-28 04:15:00
2026-02-27,1007,37610,1487,46,153837,2026-02-28 04:15:00
2026-02-27,1008,196825,366,19,52521,2026-02-28 04:15:00
2026-02-27,1009,131700,750,43,196268,2026-03-01 04:15:00
2026-02-27,1010,22610,345,18,66775,2026-02-28 04:15:00
2026-02-27,1011,53909,2697,116,247043,2026-02-28 04:15:00
2026-02-27,1012,96934,869,20,73967,2026-02-28 04:15:00
2026-02-27,1013,274898,567,26,70031,2026-03-01 04:15:00
2026-02-27,1015,23248,556,27,67170,2026-02-28 04:15:00
2026-02-28,1001,36337,1528,81,147786,2026-03-01 04:15:00
2026-02-28,1002,24677,554,14,71624,2026-03-01 04:15:00
2026-02-28,1003,30843,1220,29,128727,2026-03-01 04:15:00
2026-02-28,1004,185910,256,9,41561,2026-03-01 04:15:00
2026-02-28,1005,101179,585,13,159501,2026-03-03 04:15:00
2026-02-28,1007,28096,875,23,117026,2026-03-01 04:15:00
2026-02-28,1008,98828,162,8,23056,2026-03-02 04:15:00
2026-02-28,1009,73908,519,13,115714,2026-03-01 04:15:00
2026-02-28,1010,20715,330,15,70965,2026-03-01 04:15:00
2026-02-28,1011,44556,1470,77,168933,2026-03-01 04:15:00
2026-02-28,1012,87351,901,31,74094,2026-03-01 04:15:00
2026-02-28,1013,191074,215,8,40455,2026-03-01 04:15:00
2026-02-28,1015,25129,489,16,88149,2026-03-03 04:15:00
2026-03-01,1001,33786,1129,19,127533,2026-03-03 04:15:00
2026-03-01,1002,20663,444,5,60925,2026-03-02 04:15:00
2026-03-01,1003,36199,1713,34,168279,2026-03-03 04:15:00
2026-03-01,1004,185808,300,4,46858,2026-03-02 04:15:00
2026-03-01,1005,125160,679,37,159963,2026-03-03 04:15:00
2026-03-01,1007,40698,2123,54,182360,2026-03-02 04:15:00
2026-03-01,1008,125962,184,4,31752,2026-03-03 04:15:00
2026-03-01,1010,17480,332,17,57497,2026-03-02 04:15:00
2026-03-01,1011,39163,1739,96,157948,2026-03-02 04:15:00
2026-03-01,1012,52059,446,8,41946,2026-03-04 04:15:00
2026-03-01,1013,137824,247,13,35631,2026-03-02 04:15:00
2026-03-01,1014,105416,613,29,159333,2026-03-04 04:15:00
2026-03-01,1015,21390,303,11,57591,2026-03-04 04:15:00
2026-03-02,1001,61537,2072,76,232444,2026-03-05 04:15:00
2026-03-02,1002,24941,525,23,77057,2026-03-05 04:15:00
2026-03-02,1003,46168,1388,25,188985,2026-03-05 04:15:00
2026-03-02,1004,144987,226,11,37127,2026-03-04 04:15:00
2026-03-02,1005,107655,415,9,140798,2026-03-04 04:15:00
2026-03-02,1007,33342,1772,97,121930,2026-03-04 04:15:00
2026-03-02,1008,141165,213,10,36581,2026-03-04 04:15:00
2026-03-02,1010,33122,609,33,98904,2026-03-03 04:15:00
2026-03-02,1011,54139,2435,89,237857,2026-03-03 04:15:00
2026-03-02,1012,65973,940,28,43948,2026-03-03 04:15:00
2026-03-02,1013,259218,478,27,61521,2026-03-05 04:15:00
2026-03-02,1014,119014,548,18,160050,2026-03-03 04:15:00
2026-03-02,1015,33960,732,12,115050,2026-03-04 04:15:00
2026-03-03,1001,51861,2682,141,200870,2026-03-04 04:15:00
2026-03-03,1002,18736,256,10,61623,2026-03-04 04:15:00
2026-03-03,1003,39423,1174,37,167551,2026-03-04 04:15:00
2026-03-03,1004,157099,325,7,42413,2026-03-06 04:15:00
2026-03-03,1005,113520,661,28,161118,2026-03-04 04:15:00
2026-03-03,1007,60642,3210,115,248091,2026-03-04 04:15:00
2026-03-03,1008,145460,295,15,39220,2026-03-05 04:15:00
2026-03-03,1009,88766,442,18,128401,2026-03-06 04:15:00
2026-03-03,1010,22700,409,7,67761,2026-03-06 04:15:00
2026-03-03,1011,47110,2336,60,210183,2026-03-05 04:15:00
2026-03-03,1012,116128,1325,74,88592,2026-03-04 04:15:00
2026-03-03,1013,193597,264,7,40595,2026-03-05 04:15:00
2026-03-03,1014,92914,579,12,129690,2026-03-06 04:15:00
2026-03-03,1015,27873,648,13,93189,2026-03-06 04:15:00
2026-03-04,1001,38491,1302,69,152117,2026-03-05 04:15:00
2026-03-04,1002,20754,320,14,69102,2026-03-06 04:15:00
2026-03-04,1004,270922,484,21,63004,2026-03-05 04:15:00
2026-03-04,1005,134739,863,25,204148,2026-03-05 04:15:00
2026-03-04,1007,41562,1560,82,172780,2026-03-06 04:15:00
2026-03-04,1008,248459,354,7,56283,2026-03-05 04:15:00
2026-03-04,1009,104635,453,10,177423,2026-03-07 04:15:00
2026-03-04,1010,30004,500,10,85478,2026-03-07 04:15:00
2026-03-04,1011,59200,2426,102,262428,2026-03-05 04:15:00
2026-03-04,1012,106591,1164,52,85689,2026-03-06 04:15:00
2026-03-04,1013,161230,303,5,41252,2026-03-06 04:15:00
2026-03-04,1015,33086,813,45,103303,2026-03-05 04:15:00
2026-03-05,1001,62958,2841,133,257473,2026-03-06 04:15:00
2026-03-05,1002,18137,272,6,55482,2026-03-06 04:15:00
2026-03-05,1004,227321,400,16,54282,2026-03-07 04:15:00
2026-03-05,1005,85931,481,14,110208,2026-03-06 04:15:00
2026-03-05,1007,49200,1759,61,218905,2026-03-07 04:15:00
2026-03-05,1008,255006,508,8,53789,2026-03-06 04:15:00
2026-03-05,1010,28180,455,12,95087,2026-03-06 04:15:00
2026-03-05,1011,43734,1691,64,210697,2026-03-06 04:15:00
2026-03-05,1012,77398,1018,15,66610,2026-03-06 04:15:00
2026-03-05,1013,150244,222,8,31256,2026-03-06 04:15:00
2026-03-05,1014,92024,611,25,131048,2026-03-06 04:15:00
2026-03-05,1015,33185,789,17,115257,2026-03-08 04:15:00
2026-03-06,1001,47176,1407,21,223436,2026-03-09 04:15:00
2026-03-06,1002,27155,371,20,79495,2026-03-07 04:15:00
2026-03-06,1004,222794,410,18,51839,2026-03-07 04:15:00
2026-03-06,1005,111734,638,24,185171,2026-03-09 04:15:00
2026-03-06,1007,42346,2002,36,203916,2026-03-07 04:15:00
2026-03-06,1008,210116,431,6,49476,2026-03-07 04:15:00
2026-03-06,1010,30895,747,22,103634,2026-03-07 04:15:00
2026-03-06,1011,52506,2518,82,202539,2026-03-09 04:15:00
2026-03-06,1012,117791,1242,53,92601,2026-03-07 04:15:00
2026-03-06,1013,250008,350,8,52324,2026-03-07 04:15:00
2026-03-06,1015,29852,612,28,87451,2026-03-07 04:15:00
2026-03-07,1001,24678,1280,41,111773,2026-03-08 04:15:00
2026-03-07,1002,13904,214,6,43810,2026-03-09 04:15:00
2026-03-07,1004,109212,131,4,26973,2026-03-08 04:15:00
2026-03-07,1005,117430,456,14,190897,2026-03-10 04:15:00
2026-03-07,1007,44362,2340,89,167851,2026-03-09 04:15:00
2026-03-07,1008,116220,160,3,24930,2026-03-08 04:15:00
2026-03-07,1009,88430,481,7,122764,2026-03-08 04:15:00
2026-03-07,1010,21614,409,16,66156,2026-03-08 04:15:00
2026-03-07,1011,29834,1552,42,129820,2026-03-08 04:15:00
2026-03-07,1012,62088,654,32,48675,2026-03-10 04:15:00
2026-03-07,1013,112687,160,8,24617,2026-03-08 04:15:00
2026-03-07,1015,17386,294,13,56045,2026-03-10 04:15:00
2026-03-08,1001,41381,1519,37,188705,2026-03-09 04:15:00
2026-03-08,1002,13660,269,10,42925,2026-03-11 04:15:00
2026-03-08,1004,101128,183,10,22156,2026-03-09 04:15:00
2026-03-08,1005,115305,470,23,188266,2026-03-10 04:15:00
2026-03-08,1007,25831,933,22,97233,2026-03-10 04:15:00
2026-03-08,1008,181795,216,12,43358,2026-03-10 04:15:00
2026-03-08,1009,121347,815,25,156725,2026-03-09 04:15:00
2026-03-08,1010,21362,481,18,74454,2026-03-09 04:15:00
2026-03-08,1011,41066,1842,52,180083,2026-03-09 04:15:00
2026-03-08,1012,67667,809,33,57857,2026-03-09 04:15:00
2026-03-08,1013,200491,307,3,44635,2026-03-11 04:15:00
2026-03-08,1014,97399,596,13,140581,2026-03-10 04:15:00
2026-03-08,1015,22288,445,15,65879,2026-03-09 04:15:00
2026-03-09,1001,47421,1705,92,174422,2026-03-10 04:15:00
2026-03-09,1002,23239,399,19,72497,2026-03-10 04:15:00
2026-03-09,1004,206495,318,14,46866,2026-03-10 04:15:00
2026-03-09,1005,88566,548,7,126594,2026-03-10 04:15:00
2026-03-09,1007,53951,1766,101,209185,2026-03-10 04:15:00
2026-03-09,1008,217630,312,9,51636,2026-03-11 04:15:00
2026-03-09,1009,101461,610,18,163030,2026-03-10 04:15:00
2026-03-09,1010,25082,456,5,71101,2026-03-10 04:15:00
2026-03-09,1011,56478,2744,40,208867,2026-03-12 04:15:00
2026-03-09,1012,70278,692,22,48950,2026-03-11 04:15:00
2026-03-09,1013,214074,371,14,53093,2026-03-12 04:15:00
2026-03-09,1015,23306,431,8,76011,2026-03-10 04:15:00
2026-03-10,1001,62067,2682,115,246071,2026-03-11 04:15:00
2026-03-10,1002,22457,345,15,69842,2026-03-12 04:15:00
2026-03-10,1004,224174,374,11,53586,2026-03-13 04:15:00
2026-03-10,1005,147602,882,51,225050,2026-03-12 04:15:00
2026-03-10,1007,40904,1362,69,177951,2026-03-11 04:15:00
2026-03-10,1008,276420,438,9,64031,2026-03-13 04:15:00
2026-03-10,1009,129542,791,24,214126,2026-03-12 04:15:00
2026-03-10,1010,19944,393,19,56642,2026-03-11 04:15:00
2026-03-10,1011,40435,1695,33,167652,2026-03-12 04:15:00
2026-03-10,1012,93132,786,13,75613,2026-03-11 04:15:00
2026-03-10,1013,216180,399,18,50970,2026-03-11 04:15:00
2026-03-10,1014,93819,618,28,132188,2026-03-11 04:15:00
2026-03-10,1015,25085,433,21,76342,2026-03-11 04:15:00
2026-03-11,1001,57261,1977,97,246839,2026-03-12 04:15:00
2026-03-11,1002,32571,659,20,104488,2026-03-12 04:15:00
2026-03-11,1004,256088,484,18,62056,2026-03-14 04:15:00
2026-03-11,1005,133527,656,29,187632,2026-03-12 04:15:00
2026-03-11,1007,63200,2613,139,290538,2026-03-12 04:15:00
2026-03-11,1008,278027,521,28,76585,2026-03-12 04:15:00
2026-03-11,1009,96574,418,11,133890,2026-03-13 04:15:00
2026-03-11,1010,25808,513,12,77946,2026-03-13 04:15:00
2026-03-11,1011,33737,1627,77,137565,2026-03-12 04:15:00
2026-03-11,1012,102266,1379,45,76424,2026-03-14 04:15:00
2026-03-11,1013,136863,254,11,35122,2026-03-13 04:15:00
2026-03-11,1014,147953,984,47,215119,2026-03-13 04:15:00
2026-03-11,1015,31912,604,16,92504,2026-03-14 04:15:00
2026-03-12,1001,50618,2157,74,202629,2026-03-13 04:15:00
2026-03-12,1002,17736,362,18,47002,2026-03-13 04:15:00
2026-03-12,1004,201369,225,12,44012,2026-03-13 04:15:00
2026-03-12,1005,164775,798,41,275086,2026-03-13 04:15:00
2026-03-12,1008,232724,316,9,62619,2026-03-13 04:15:00
2026-03-12,1010,28285,610,28,85821,2026-03-13 04:15:00
2026-03-12,1011,54844,1575,53,204963,2026-03-13 04:15:00
2026-03-12,1012,91224,970,11,65207,2026-03-13 04:15:00
2026-03-12,1013,281758,429,7,58915,2026-03-14 04:15:00
2026-03-12,1015,31568,456,13,91967,2026-03-14 04:15:00
2026-03-13,1001,57188,2700,48,275709,2026-03-14 04:15:00
2026-03-13,1002,18145,357,14,50581,2026-03-14 04:15:00
2026-03-13,1004,242697,418,7,56704,2026-03-15 04:15:00
2026-03-13,1005,162756,673,11,262623,2026-03-16 04:15:00
2026-03-13,1008,243811,355,11,63624,2026-03-14 04:15:00
2026-03-13,1010,18433,361,14,58986,2026-03-14 04:15:00
2026-03-13,1011,59689,2679,69,252028,2026-03-16 04:15:00
2026-03-13,1012,70384,723,30,57282,2026-03-14 04:15:00
2026-03-13,1013,209248,257,8,51634,2026-03-16 04:15:00
2026-03-13,1014,85598,431,11,124038,2026-03-16 04:15:00
2026-03-13,1015,24559,479,9,75470,2026-03-14 04:15:00
2026-03-14,1001,22867,694,16,82782,2026-03-15 04:15:00
2026-03-14,1002,24599,438,11,81121,2026-03-16 04:15:00
2026-03-14,1004,143111,215,8,34734,2026-03-15 04:15:00
2026-03-14,1005,79019,385,13,107974,2026-03-15 04:15:00
2026-03-14,1008,155051,231,9,40946,2026-03-15 04:15:00
2026-03-14,1010,17900,432,9,51236,2026-03-16 04:15:00
2026-03-14,1011,25269,1105,16,111417,2026-03-15 04:15:00
2026-03-14,1012,47537,588,26,32057,2026-03-15 04:15:00
2026-03-14,1013,153634,287,12,33188,2026-03-15 04:15:00
2026-03-14,1014,118069,740,12,198350,2026-03-15 04:15:00
2026-03-14,1015,22744,373,5,74997,2026-03-17 04:15:00
2026-03-15,1001,37645,1539,54,137022,2026-03-18 04:15:00
2026-03-15,1002,14354,216,10,49760,2026-03-16 04:15:00
2026-03-15,1004,122454,196,2,32588,2026-03-16 04:15:00
2026-03-15,1005,63852,322,17,86553,2026-03-16 04:15:00
2026-03-15,1008,156795,313,14,36720,2026-03-16 04:15:00
2026-03-15,1010,24169,409,20,76531,2026-03-16 04:15:00
2026-03-15,1011,34609,1761,35,158629,2026-03-16 04:15:00
2026-03-15,1012,85397,696,23,59864,2026-03-16 04:15:00
2026-03-15,1013,132921,219,2,29036,2026-03-18 04:15:00
2026-03-15,1014,109297,508,14,187153,2026-03-16 04:15:00
2026-03-15,1015,21766,425,20,60401,2026-03-17 04:15:00
2026-03-16,1001,32003,1344,55,142213,2026-03-17 04:15:00
2026-03-16,1002,34208,455,19,117147,2026-03-17 04:15:00
2026-03-16,1004,151780,247,5,36340,2026-03-17 04:15:00
2026-03-16,1005,173002,747,18,223995,2026-03-17 04:15:00
2026-03-16,1008,268401,434,19,61952,2026-03-17 04:15:00
2026-03-16,1009,130493,776,23,201135,2026-03-17 04:15:00
2026-03-16,1010,24816,602,13,71413,2026-03-17 04:15:00
2026-03-16,1011,62315,2390,120,248080,2026-03-18 04:15:00
2026-03-16,1012,75633,619,13,61488,2026-03-19 04:15:00
2026-03-16,1013,152519,186,6,34562,2026-03-17 04:15:00
2026-03-16,1014,172281,781,20,240203,2026-03-17 04:15:00
2026-03-16,1015,18545,417,10,61020,2026-03-19 04:15:00
2026-03-17,1001,32555,1603,43,119962,2026-03-18 04:15:00
2026-03-17,1002,34524,615,8,100565,2026-03-18 04:15:00
2026-03-17,1004,141069,212,6,36376,2026-03-18 04:15:00
2026-03-17,1005,93120,389,18,123817,2026-03-18 04:15:00
2026-03-17,1008,258564,533,9,68081,2026-03-18 04:15:00
2026-03-17,1009,169819,700,27,286627,2026-03-18 04:15:00
2026-03-17,1010,17296,242,12,52707,2026-03-18 04:15:00
2026-03-17,1011,34290,1698,83,127709,2026-03-19 04:15:00
2026-03-17,1012,61690,851,27,49382,2026-03-19 04:15:00
2026-03-17,1013,140833,250,4,30907,2026-03-18 04:15:00
2026-03-17,1015,25017,375,15,80274,2026-03-18 04:15:00
2026-03-18,1001,47962,2418,82,176525,2026-03-20 04:15:00
2026-03-18,1002,19397,302,15,60596,2026-03-21 04:15:00
2026-03-18,1004,253342,524,25,58232,2026-03-21 04:15:00
2026-03-18,1005,155610,775,29,220922,2026-03-19 04:15:00
2026-03-18,1008,162932,232,5,43746,2026-03-19 04:15:00
2026-03-18,1010,34945,675,31,124566,2026-03-19 04:15:00
2026-03-18,1011,34564,1550,37,158943,2026-03-19 04:15:00
2026-03-18,1012,106635,1488,57,91556,2026-03-20 04:15:00
2026-03-18,1013,188656,363,18,40877,2026-03-21 04:15:00
2026-03-18,1015,30333,527,20,99771,2026-03-19 04:15:00
2026-03-19,1001,63037,2683,101,239992,2026-03-21 04:15:00
2026-03-19,1002,26766,409,5,71926,2026-03-22 04:15:00
2026-03-19,1004,168664,274,3,45554,2026-03-20 04:15:00
2026-03-19,1005,157886,785,15,258315,2026-03-20 04:15:00
2026-03-19,1008,145254,183,8,31113,2026-03-20 04:15:00
2026-03-19,1009,162820,1142,33,276609,2026-03-21 04:15:00
2026-03-19,1010,27565,472,12,97650,2026-03-21 04:15:00
2026-03-19,1011,57805,3025,126,219051,2026-03-22 04:15:00
2026-03-19,1012,102194,1413,68,70281,2026-03-22 04:15:00
2026-03-19,1013,256224,380,17,57702,2026-03-20 04:15:00
2026-03-19,1014,170839,1192,35,294257,2026-03-22 04:15:00
2026-03-19,1015,17489,352,19,61820,2026-03-20 04:15:00
2026-03-20,1001,52692,1647,57,210097,2026-03-21 04:15:00
2026-03-20,1002,21231,520,10,73424,2026-03-21 04:15:00
2026-03-20,1004,257284,453,20,58705,2026-03-21 04:15:00
2026-03-20,1005,108634,507,7,151055,2026-03-21 04:15:00
2026-03-20,1008,242400,282,9,56773,2026-03-21 04:15:00
2026-03-20,1009,129370,659,24,170851,2026-03-22 04:15:00
2026-03-20,1010,31254,621,29,88911,2026-03-22 04:15:00
2026-03-20,1011,33676,1667,42,133747,2026-03-21 04:15:00
2026-03-20,1012,63174,557,16,50677,2026-03-23 04:15:00
2026-03-20,1013,274949,566,15,75594,2026-03-22 04:15:00
2026-03-20,1014,123750,743,29,181960,2026-03-21 04:15:00
2026-03-20,1015,18742,293,6,61537,2026-03-23 04:15:00
2026-03-21,1001,28881,1028,23,104911,2026-03-24 04:15:00
2026-03-21,1002,19370,366,5,51108,2026-03-22 04:15:00
2026-03-21,1004,129455,227,8,28269,2026-03-22 04:15:00
2026-03-21,1005,74399,443,25,110713,2026-03-22 04:15:00
2026-03-21,1008,130916,196,6,32937,2026-03-22 04:15:00
2026-03-21,1009,86230,437,12,117183,2026-03-22 04:15:00
2026-03-21,1010,15618,290,6,45054,2026-03-22 04:15:00
2026-03-21,1011,26120,1197,19,115237,2026-03-24 04:15:00
2026-03-21,1012,60898,772,17,39658,2026-03-23 04:15:00
2026-03-21,1014,88268,495,25,131402,2026-03-22 04:15:00
2026-03-21,1015,18408,261,13,60733,2026-03-24 04:15:00
2026-03-22,1001,36282,1502,57,174453,2026-03-23 04:15:00
2026-03-22,1002,13744,301,6,48797,2026-03-23 04:15:00
2026-03-22,1004,183847,228,7,50586,2026-03-24 04:15:00
2026-03-22,1005,74069,486,9,114271,2026-03-23 04:15:00
2026-03-22,1008,194679,388,5,45154,2026-03-24 04:15:00
2026-03-22,1009,116966,650,35,149782,2026-03-25 04:15:00
2026-03-22,1010,19867,441,7,55114,2026-03-25 04:15:00
2026-03-22,1011,36687,1737,95,173727,2026-03-25 04:15:00
2026-03-22,1012,77480,998,51,64736,2026-03-24 04:15:00
2026-03-22,1015,20748,411,13,57993,2026-03-24 04:15:00
2026-03-23,1001,36033,1573,69,130398,2026-03-24 04:15:00
2026-03-23,1002,29467,408,13,85005,2026-03-24 04:15:00
2026-03-23,1004,139474,265,6,31267,2026-03-25 04:15:00
2026-03-23,1005,162599,993,56,223993,2026-03-24 04:15:00
2026-03-23,1008,279710,432,21,62486,2026-03-25 04:15:00
2026-03-23,1009,92625,491,26,135068,2026-03-25 04:15:00
2026-03-23,1010,30722,712,35,95674,2026-03-24 04:15:00
2026-03-23,1011,33404,1541,47,152103,2026-03-26 04:15:00
2026-03-23,1012,113897,898,18,93954,2026-03-24 04:15:00
2026-03-23,1015,25207,599,26,72843,2026-03-25 04:15:00
2026-03-24,1001,48172,2135,37,173829,2026-03-25 04:15:00
2026-03-24,1002,25795,474,26,79354,2026-03-27 04:15:00
2026-03-24,1004,187914,239,12,48467,2026-03-25 04:15:00
2026-03-24,1005,110441,566,11,169252,2026-03-25 04:15:00
2026-03-24,1008,262495,457,19,58634,2026-03-26 04:15:00
2026-03-24,1009,163181,1149,49,242869,2026-03-25 04:15:00
2026-03-24,1010,28682,578,7,82309,2026-03-25 04:15:00
2026-03-24,1011,55148,2545,62,259102,2026-03-25 04:15:00
2026-03-24,1012,87416,798,20,65967,2026-03-27 04:15:00
2026-03-24,1015,18762,358,15,64152,2026-03-25 04:15:00
2026-03-25,1001,50064,2168,54,221901,2026-03-27 04:15:00
2026-03-25,1002,18061,443,18,62060,2026-03-26 04:15:00
2026-03-25,1004,232949,473,19,50680,2026-03-28 04:15:00
2026-03-25,1005,154158,1051,51,252212,2026-03-28 04:15:00
2026-03-25,1008,195902,279,5,40323,2026-03-27 04:15:00
2026-03-25,1009,108107,565,16,139554,2026-03-28 04:15:00
2026-03-25,1010,31751,546,24,103929,2026-03-27 04:15:00
2026-03-25,1011,61659,2788,98,285803,2026-03-28 04:15:00
2026-03-25,1012,69911,583,10,48636,2026-03-28 04:15:00
2026-03-25,1014,101159,616,16,133042,2026-03-26 04:15:00
2026-03-25,1015,20964,487,15,72530,2026-03-26 04:15:00
2026-03-26,1001,39954,1435,73,166323,2026-03-29 04:15:00
2026-03-26,1002,27461,559,18,77328,2026-03-27 04:15:00
2026-03-26,1004,264022,392,10,54888,2026-03-27 04:15:00
2026-03-26,1005,97000,437,13,148529,2026-03-28 04:15:00
2026-03-26,1008,157553,306,6,33057,2026-03-27 04:15:00
2026-03-26,1009,100591,597,7,140635,2026-03-27 04:15:00
2026-03-26,1010,27388,413,19,92028,2026-03-27 04:15:00
2026-03-26,1011,51846,2295,70,248151,2026-03-28 04:15:00
2026-03-26,1012,58794,659,30,50049,2026-03-27 04:15:00
2026-03-26,1014,132824,519,6,213198,2026-03-27 04:15:00
2026-03-27,1001,54502,2025,36,220911,2026-03-30 04:15:00
2026-03-27,1002,22471,315,4,79032,2026-03-29 04:15:00
2026-03-27,1004,243491,412,11,65239,2026-03-28 04:15:00
2026-03-27,1005,115688,789,22,157311,2026-03-29 04:15:00
2026-03-27,1008,139311,186,10,30537,2026-03-28 04:15:00
2026-03-27,1009,99877,505,21,129022,2026-03-28 04:15:00
2026-03-27,1011,57113,2514,98,207344,2026-03-28 04:15:00
2026-03-27,1012,99674,780,34,72889,2026-03-29 04:15:00
2026-03-28,1001,28578,1313,28,126715,2026-03-29 04:15:00
2026-03-28,1002,16113,335,14,46503,2026-03-31 04:15:00
2026-03-28,1004,172444,262,13,41530,2026-03-31 04:15:00
2026-03-28,1005,68553,289,4,93533,2026-03-29 04:15:00
2026-03-28,1008,180619,346,19,41500,2026-03-30 04:15:00
2026-03-28,1011,23417,957,20,111130,2026-03-29 04:15:00
2026-03-28,1012,52757,410,6,34943,2026-03-31 04:15:00
2026-03-28,1014,70611,292,10,113020,2026-03-29 04:15:00
2026-03-29,1001,44352,1975,65,212951,2026-03-30 04:15:00
2026-03-29,1002,18251,263,5,48760,2026-03-30 04:15:00
2026-03-29,1004,136405,241,7,28964,2026-03-30 04:15:00
2026-03-29,1005,61473,264,11,87469,2026-03-31 04:15:00
2026-03-29,1008,199366,274,12,46019,2026-03-30 04:15:00
2026-03-29,1011,32159,1684,41,130436,2026-03-31 04:15:00
2026-03-29,1012,78403,939,45,51976,2026-03-30 04:15:00
2026-03-29,1014,116161,486,26,173335,2026-04-01 04:15:00
2026-03-30,1001,53994,1790,52,217154,2026-03-31 04:15:00
2026-03-30,1002,32598,760,34,112930,2026-04-01 04:15:00
2026-03-30,1004,271798,333,10,56346,2026-03-31 04:15:00
2026-03-30,1005,144102,560,29,217762,2026-04-02 04:15:00
2026-03-30,1008,242894,324,18,64820,2026-04-02 04:15:00
2026-03-30,1009,148252,617,26,205604,2026-03-31 04:15:00
2026-03-30,1011,53500,2379,44,246705,2026-04-02 04:15:00
2026-03-30,1012,61937,739,14,51314,2026-04-01 04:15:00
2026-03-30,1014,91312,499,11,156286,2026-03-31 04:15:00
2026-03-31,1001,48232,2037,59,221845,2026-04-01 04:15:00
2026-03-31,1002,25255,566,18,86665,2026-04-02 04:15:00
2026-03-31,1004,182961,377,17,37558,2026-04-02 04:15:00
2026-03-31,1005,122022,694,8,160569,2026-04-03 04:15:00
2026-03-31,1008,278086,481,25,67988,2026-04-02 04:15:00
2026-03-31,1009,117564,473,10,173936,2026-04-03 04:15:00
2026-03-31,1011,56985,2476,111,229521,2026-04-02 04:15:00
2026-03-31,1012,65683,834,18,46917,2026-04-01 04:15:00
2026-03-31,1014,118524,497,26,177381,2026-04-02 04:15:00
2026-04-01,1001,34793,1521,31,164990,2026-04-03 04:15:00
2026-04-01,1002,20823,472,9,61412,2026-04-03 04:15:00
2026-04-01,1004,143335,247,10,30511,2026-04-03 04:15:00
2026-04-01,1005,126122,730,25,215509,2026-04-02 04:15:00
2026-04-01,1008,214463,250,13,56702,2026-04-03 04:15:00
2026-04-01,1009,155578,1066,46,210519,2026-04-02 04:15:00
2026-04-01,1011,34679,1556,62,137867,2026-04-03 04:15:00
2026-04-01,1012,84875,994,43,58848,2026-04-03 04:15:00
2026-04-01,1014,172814,923,16,252435,2026-04-04 04:15:00
2026-04-02,1001,41243,1895,97,184230,2026-04-05 04:15:00
2026-04-02,1002,28413,442,17,82546,2026-04-03 04:15:00
2026-04-02,1004,271915,339,15,74562,2026-04-03 04:15:00
2026-04-02,1005,130354,800,21,172970,2026-04-03 04:15:00
2026-04-02,1008,219155,368,20,55912,2026-04-05 04:15:00
2026-04-02,1011,59669,2898,104,214918,2026-04-03 04:15:00
2026-04-02,1012,61843,499,12,50355,2026-04-03 04:15:00
2026-04-02,1014,97824,396,19,133705,2026-04-05 04:15:00
2026-04-03,1001,32285,1573,26,150568,2026-04-06 04:15:00
2026-04-03,1002,32640,710,26,93218,2026-04-04 04:15:00
2026-04-03,1004,238361,277,8,55774,2026-04-04 04:15:00
2026-04-03,1005,172390,694,32,235551,2026-04-05 04:15:00
2026-04-03,1008,258507,515,22,64789,2026-04-06 04:15:00
2026-04-03,1009,139408,893,50,196200,2026-04-04 04:15:00
2026-04-03,1011,64244,1961,110,288853,2026-04-04 04:15:00
2026-04-03,1012,82263,866,32,54850,2026-04-06 04:15:00
2026-04-03,1014,85013,458,25,109919,2026-04-04 04:15:00
2026-04-04,1001,36903,1761,71,170947,2026-04-05 04:15:00
2026-04-04,1002,18596,368,10,62559,2026-04-05 04:15:00
2026-04-04,1004,153887,313,11,40104,2026-04-05 04:15:00
2026-04-04,1005,88091,495,8,121084,2026-04-05 04:15:00
2026-04-04,1008,168487,242,6,45899,2026-04-07 04:15:00
2026-04-04,1009,126139,828,47,161326,2026-04-05 04:15:00
2026-04-04,1011,33245,1693,68,144703,2026-04-05 04:15:00
2026-04-04,1012,73080,717,38,62126,2026-04-06 04:15:00
2026-04-05,1001,39978,1171,41,181533,2026-04-08 04:15:00
2026-04-05,1002,22688,416,5,78736,2026-04-06 04:15:00
2026-04-05,1004,132181,158,2,36211,2026-04-08 04:15:00
2026-04-05,1005,95775,566,12,149244,2026-04-06 04:15:00
2026-04-05,1008,189826,289,4,46074,2026-04-07 04:15:00
2026-04-05,1009,122412,772,14,181371,2026-04-06 04:15:00
2026-04-05,1011,23380,713,14,90887,2026-04-06 04:15:00
2026-04-05,1012,68200,627,14,49431,2026-04-07 04:15:00
2026-04-05,1014,61946,376,13,96861,2026-04-08 04:15:00
2026-04-06,1001,33324,1567,22,154583,2026-04-07 04:15:00
2026-04-06,1004,272923,333,16,61597,2026-04-07 04:15:00
2026-04-06,1005,110118,760,22,181139,2026-04-07 04:15:00
2026-04-06,1008,206176,336,6,47864,2026-04-09 04:15:00
2026-04-06,1011,52503,1891,99,251298,2026-04-07 04:15:00
2026-04-06,1012,118815,923,48,79523,2026-04-07 04:15:00
2026-04-07,1001,51247,2147,119,202626,2026-04-08 04:15:00
2026-04-07,1005,103768,709,36,138956,2026-04-08 04:15:00
2026-04-07,1008,168955,324,6,36672,2026-04-10 04:15:00
2026-04-07,1009,161976,1121,64,240140,2026-04-10 04:15:00
2026-04-07,1011,33657,1522,35,128527,2026-04-10 04:15:00
2026-04-07,1012,89192,881,15,70014,2026-04-08 04:15:00
2026-04-08,1001,33545,1122,38,133633,2026-04-09 04:15:00
2026-04-08,1005,147604,642,24,241843,2026-04-10 04:15:00
2026-04-08,1008,161290,229,11,41173,2026-04-10 04:15:00
2026-04-08,1011,43278,1965,53,180674,2026-04-10 04:15:00
2026-04-08,1012,81100,787,29,54908,2026-04-11 04:15:00
2026-04-09,1001,40628,1992,105,155097,2026-04-10 04:15:00
2026-04-09,1005,150695,1023,52,234968,2026-04-12 04:15:00
2026-04-09,1008,221598,411,8,45790,2026-04-10 04:15:00
2026-04-09,1009,175384,948,45,252486,2026-04-10 04:15:00
2026-04-09,1011,61152,2642,135,228628,2026-04-12 04:15:00
2026-04-09,1012,90655,935,32,71309,2026-04-12 04:15:00
2026-04-09,1014,153405,661,12,234688,2026-04-12 04:15:00
2026-04-10,1001,53356,2801,128,222986,2026-04-11 04:15:00
2026-04-10,1005,88178,561,12,122916,2026-04-11 04:15:00
2026-04-10,1008,142792,188,10,32843,2026-04-12 04:15:00
2026-04-10,1009,164721,655,27,217670,2026-04-13 04:15:00
2026-04-10,1011,52487,1859,85,225645,2026-04-13 04:15:00
2026-04-10,1012,69452,834,24,54485,2026-04-11 04:15:00
2026-04-10,1014,118745,812,29,170257,2026-04-11 04:15:00
2026-04-11,1001,34242,1388,55,143895,2026-04-12 04:15:00
2026-04-11,1005,89662,413,14,125649,2026-04-12 04:15:00
2026-04-11,1008,118062,173,7,25090,2026-04-12 04:15:00
2026-04-11,1009,82476,348,14,122935,2026-04-14 04:15:00
2026-04-11,1011,26364,1297,16,95552,2026-04-14 04:15:00
2026-04-11,1012,68988,592,21,57807,2026-04-12 04:15:00
2026-04-12,1001,28711,951,53,124180,2026-04-15 04:15:00
2026-04-12,1005,102617,692,31,168762,2026-04-13 04:15:00
2026-04-12,1008,121204,206,6,28928,2026-04-13 04:15:00
2026-04-12,1009,100206,648,32,135964,2026-04-15 04:15:00
2026-04-12,1011,28863,1342,37,119532,2026-04-15 04:15:00
2026-04-12,1012,45242,461,8,29010,2026-04-15 04:15:00
2026-04-12,1014,93885,491,9,123771,2026-04-14 04:15:00
2026-04-13,1001,61494,2672,139,260710,2026-04-14 04:15:00
2026-04-13,1005,92980,560,29,141113,2026-04-14 04:15:00
2026-04-13,1008,268354,500,20,64830,2026-04-14 04:15:00
2026-04-13,1009,147985,779,42,220787,2026-04-15 04:15:00
2026-04-13,1011,42977,2084,112,198762,2026-04-16 04:15:00
2026-04-13,1012,64656,554,18,44600,2026-04-14 04:15:00
2026-04-14,1001,60659,2350,48,270753,2026-04-15 04:15:00
2026-04-14,1005,137096,581,7,215178,2026-04-15 04:15:00
2026-04-14,1008,196600,240,7,48392,2026-04-15 04:15:00
2026-04-14,1009,123044,622,15,194566,2026-04-15 04:15:00
2026-04-14,1011,45084,2163,73,181980,2026-04-17 04:15:00
2026-04-14,1012,88976,1265,48,72221,2026-04-16 04:15:00
2026-04-14,1014,162304,977,45,239555,2026-04-15 04:15:00
2026-04-15,1001,34569,1424,68,158294,2026-04-18 04:15:00
2026-04-15,1005,147932,914,17,252824,2026-04-16 04:15:00
2026-04-15,1008,254742,486,16,62976,2026-04-16 04:15:00
2026-04-15,1011,38651,1185,16,156700,2026-04-17 04:15:00
2026-04-15,1012,97179,1082,48,75015,2026-04-16 04:15:00
2026-04-15,1014,124446,561,23,203688,2026-04-16 04:15:00
2026-04-16,1001,37743,1811,64,167958,2026-04-19 04:15:00
2026-04-16,1005,99922,396,9,127413,2026-04-17 04:15:00
2026-04-16,1008,149265,206,6,37646,2026-04-18 04:15:00
2026-04-16,1009,131614,826,12,173148,2026-04-17 04:15:00
2026-04-16,1011,55598,2360,91,222826,2026-04-17 04:15:00
2026-04-16,1012,72756,1022,33,52994,2026-04-17 04:15:00
2026-04-17,1001,44879,1405,21,176857,2026-04-18 04:15:00
2026-04-17,1005,157567,1104,57,258554,2026-04-20 04:15:00
2026-04-17,1008,173270,267,7,41380,2026-04-18 04:15:00
2026-04-17,1009,171972,922,30,264677,2026-04-18 04:15:00
2026-04-17,1011,47394,1660,49,216292,2026-04-18 04:15:00
2026-04-17,1014,105423,515,28,158917,2026-04-18 04:15:00
2026-04-18,1001,39418,1386,34,160535,2026-04-19 04:15:00
2026-04-18,1005,65821,455,15,94393,2026-04-21 04:15:00
2026-04-18,1008,126758,257,11,34163,2026-04-20 04:15:00
2026-04-18,1009,76228,354,8,105053,2026-04-19 04:15:00
2026-04-18,1011,42696,1599,76,158873,2026-04-19 04:15:00
2026-04-18,1014,104307,612,28,158407,2026-04-19 04:15:00
2026-04-19,1001,42979,1625,43,202071,2026-04-22 04:15:00
2026-04-19,1005,117761,644,36,198686,2026-04-20 04:15:00
2026-04-19,1008,140391,258,4,33953,2026-04-21 04:15:00
2026-04-19,1009,96271,530,15,152479,2026-04-20 04:15:00
2026-04-19,1011,33524,1061,38,133013,2026-04-20 04:15:00
2026-04-20,1001,38281,1645,44,166219,2026-04-21 04:15:00
2026-04-20,1005,101530,478,11,173244,2026-04-21 04:15:00
2026-04-20,1008,190290,304,6,48419,2026-04-21 04:15:00
2026-04-20,1011,44659,1776,67,214536,2026-04-21 04:15:00
2026-04-20,1014,150094,976,36,249206,2026-04-21 04:15:00
2026-04-21,1001,36100,1887,35,165523,2026-04-22 04:15:00
2026-04-21,1005,122858,527,27,191510,2026-04-24 04:15:00
2026-04-21,1008,242422,454,11,59265,2026-04-24 04:15:00
2026-04-21,1011,34525,1129,24,134316,2026-04-22 04:15:00
2026-04-21,1014,114953,579,21,194768,2026-04-22 04:15:00
2026-04-22,1001,42763,1660,46,189280,2026-04-25 04:15:00
2026-04-22,1005,102605,590,24,138880,2026-04-23 04:15:00
2026-04-22,1008,188701,333,11,48501,2026-04-23 04:15:00
2026-04-22,1011,40827,1806,33,154372,2026-04-23 04:15:00
2026-04-22,1014,140220,727,39,183772,2026-04-23 04:15:00
2026-04-23,1001,38868,1418,36,151857,2026-04-25 04:15:00
2026-04-23,1005,109183,580,29,157051,2026-04-26 04:15:00
2026-04-23,1008,213077,330,6,56572,2026-04-24 04:15:00
2026-04-23,1009,144744,1006,44,189763,2026-04-24 04:15:00
2026-04-23,1011,44540,1382,76,185563,2026-04-24 04:15:00
2026-04-24,1001,44539,2116,33,173732,2026-04-25 04:15:00
2026-04-24,1005,92172,638,19,127032,2026-04-25 04:15:00
2026-04-24,1009,96003,536,10,123922,2026-04-25 04:15:00
2026-04-24,1011,60108,2205,74,288426,2026-04-27 04:15:00
2026-04-24,1014,134417,577,32,204001,2026-04-27 04:15:00
2026-04-25,1001,36920,1632,67,158040,2026-04-28 04:15:00
2026-04-25,1005,102758,576,30,153288,2026-04-26 04:15:00
2026-04-25,1009,89790,454,10,126748,2026-04-26 04:15:00
2026-04-25,1011,35124,1663,30,138083,2026-04-28 04:15:00
2026-04-26,1001,44771,2327,78,160347,2026-04-28 04:15:00
2026-04-26,1005,113122,658,32,172137,2026-04-27 04:15:00
2026-04-26,1009,97567,502,9,156761,2026-04-28 04:15:00
2026-04-26,1011,42505,1450,22,185232,2026-04-29 04:15:00
2026-04-27,1001,56888,2906,142,252164,2026-04-28 04:15:00
2026-04-27,1005,143509,804,19,195114,2026-04-28 04:15:00
2026-04-27,1011,40930,1815,73,160154,2026-04-30 04:15:00
2026-04-28,1001,47731,1746,33,228719,2026-04-29 04:15:00
2026-04-28,1005,101420,424,10,161951,2026-04-29 04:15:00
2026-04-28,1011,36262,1481,41,143691,2026-04-30 04:15:00
2026-04-29,1001,64731,2596,125,258025,2026-04-30 04:15:00
2026-04-29,1005,89599,574,8,133194,2026-04-30 04:15:00
2026-04-29,1009,107257,547,6,183792,2026-04-30 04:15:00
2026-04-29,1011,44129,2324,54,212839,2026-04-30 04:15:00
2026-04-30,1001,46684,2225,80,224431,2026-05-02 04:15:00
2026-04-30,1005,119910,842,46,161443,2026-05-01 04:15:00
2026-04-30,1009,134511,572,19,189588,2026-05-01 04:15:00
2026-04-30,1011,61020,3047,67,226523,2026-05-02 04:15:00
